[
    {
        "id": 1,
        "name": "Rick Sanchez",
        "status": "Alive",
        "species": "Human",
        "type": "",
        "gender": "Male",
        "origin": {
            "name": "Earth (C-137)",
            "url": "https://rickandmortyapi.com/api/location/1"
        },
        "location": {
            "name": "Earth (Replacement Dimension)",
            "url": "https://rickandmortyapi.com/api/location/20"
        },
        "image": "https://rickandmortyapi.com/api/character/avatar/1.jpeg",
        "episode": [
            "https://rickandmortyapi.com/api/episode/1",
            "https://rickandmortyapi.com/api/episode/2",
            "https://rickandmortyapi.com/api/episode/3",
            "https://rickandmortyapi.com/api/episode/4",
            "https://rickandmortyapi.com/api/episode/5",
            "https://rickandmortyapi.com/api/episode/6",
            "https://rickandmortyapi.com/api/episode/7",
            "https://rickandmortyapi.com/api/episode/8",
            "https://rickandmortyapi.com/api/episode/9",
            "https://rickandmortyapi.com/api/episode/10",
            "https://rickandmortyapi.com/api/episode/11",
            "https://rickandmortyapi.com/api/episode/12",
            "https://rickandmortyapi.com/api/episode/13",
            "https://rickandmortyapi.com/api/episode/14",
            "https://rickandmortyapi.com/api/episode/15",
            "https://rickandmortyapi.com/api/episode/16",
            "https://rickandmortyapi.com/api/episode/17",
            "https://rickandmortyapi.com/api/episode/18",
            "https://rickandmortyapi.com/api/episode/19",
            "https://rickandmortyapi.com/api/episode/20",
            "https://rickandmortyapi.com/api/episode/21",
            "https://rickandmortyapi.com/api/episode/22",
            "https://rickandmortyapi.com/api/episode/23",
            "https://rickandmortyapi.com/api/episode/24",
            "https://rickandmortyapi.com/api/episode/25",
            "https://rickandmortyapi.com/api/episode/26",
            "https://rickandmortyapi.com/api/episode/27",
            "https://rickandmortyapi.com/api/episode/28",
            "https://rickandmortyapi.com/api/episode/29",
            "https://rickandmortyapi.com/api/episode/30",
            "https://rickandmortyapi.com/api/episode/31",
            "https://rickandmortyapi.com/api/episode/32",
            "https://rickandmortyapi.com/api/episode/33",
            "https://rickandmortyapi.com/api/episode/34",
            "https://rickandmortyapi.com/api/episode/35",
            "https://rickandmortyapi.com/api/episode/36",
            "https://rickandmortyapi.com/api/episode/37",
            "https://rickandmortyapi.com/api/episode/38",
            "https://rickandmortyapi.com/api/episode/39",
            "https://rickandmortyapi.com/api/episode/40",
            "https://rickandmortyapi.com/api/episode/41"
        ],
        "url": "https://rickandmortyapi.com/api/character/1",
        "created": "2017-11-04T18:48:46.250Z"
    },
    {
        "id": 2,
        "name": "Morty Smith",
        "status": "Alive",
        "species": "Human",
        "type": "",
        "gender": "Male",
        "origin": {
            "name": "Earth (C-137)",
            "url": "https://rickandmortyapi.com/api/location/1"
        },
        "location": {
            "name": "Earth (Replacement Dimension)",
            "url": "https://rickandmortyapi.com/api/location/20"
        },
        "image": "https://rickandmortyapi.com/api/character/avatar/2.jpeg",
        "episode": [
            "https://rickandmortyapi.com/api/episode/1",
            "https://rickandmortyapi.com/api/episode/2",
            "https://rickandmortyapi.com/api/episode/3",
            "https://rickandmortyapi.com/api/episode/4",
            "https://rickandmortyapi.com/api/episode/5",
            "https://rickandmortyapi.com/api/episode/6",
            "https://rickandmortyapi.com/api/episode/7",
            "https://rickandmortyapi.com/api/episode/8",
            "https://rickandmortyapi.com/api/episode/9",
            "https://rickandmortyapi.com/api/episode/10",
            "https://rickandmortyapi.com/api/episode/11",
            "https://rickandmortyapi.com/api/episode/12",
            "https://rickandmortyapi.com/api/episode/13",
            "https://rickandmortyapi.com/api/episode/14",
            "https://rickandmortyapi.com/api/episode/15",
            "https://rickandmortyapi.com/api/episode/16",
            "https://rickandmortyapi.com/api/episode/17",
            "https://rickandmortyapi.com/api/episode/18",
            "https://rickandmortyapi.com/api/episode/19",
            "https://rickandmortyapi.com/api/episode/20",
            "https://rickandmortyapi.com/api/episode/21",
            "https://rickandmortyapi.com/api/episode/22",
            "https://rickandmortyapi.com/api/episode/23",
            "https://rickandmortyapi.com/api/episode/24",
            "https://rickandmortyapi.com/api/episode/25",
            "https://rickandmortyapi.com/api/episode/26",
            "https://rickandmortyapi.com/api/episode/27",
            "https://rickandmortyapi.com/api/episode/28",
            "https://rickandmortyapi.com/api/episode/29",
            "https://rickandmortyapi.com/api/episode/30",
            "https://rickandmortyapi.com/api/episode/31",
            "https://rickandmortyapi.com/api/episode/32",
            "https://rickandmortyapi.com/api/episode/33",
            "https://rickandmortyapi.com/api/episode/34",
            "https://rickandmortyapi.com/api/episode/35",
            "https://rickandmortyapi.com/api/episode/36",
            "https://rickandmortyapi.com/api/episode/37",
            "https://rickandmortyapi.com/api/episode/38",
            "https://rickandmortyapi.com/api/episode/39",
            "https://rickandmortyapi.com/api/episode/40",
            "https://rickandmortyapi.com/api/episode/41"
        ],
        "url": "https://rickandmortyapi.com/api/character/2",
        "created": "2017-11-04T18:50:21.651Z"
    },
    {
        "id": 3,
        "name": "Summer Smith",
        "status": "Alive",
        "species": "Human",
        "type": "",
        "gender": "Female",
        "origin": {
            "name": "Earth (Replacement Dimension)",
            "url": "https://rickandmortyapi.com/api/location/20"
        },
        "location": {
            "name": "Earth (Replacement Dimension)",
            "url": "https://rickandmortyapi.com/api/location/20"
        },
        "image": "https://rickandmortyapi.com/api/character/avatar/3.jpeg",
        "episode": [
            "https://rickandmortyapi.com/api/episode/6",
            "https://rickandmortyapi.com/api/episode/7",
            "https://rickandmortyapi.com/api/episode/8",
            "https://rickandmortyapi.com/api/episode/9",
            "https://rickandmortyapi.com/api/episode/10",
            "https://rickandmortyapi.com/api/episode/11",
            "https://rickandmortyapi.com/api/episode/12",
            "https://rickandmortyapi.com/api/episode/14",
            "https://rickandmortyapi.com/api/episode/15",
            "https://rickandmortyapi.com/api/episode/16",
            "https://rickandmortyapi.com/api/episode/17",
            "https://rickandmortyapi.com/api/episode/18",
            "https://rickandmortyapi.com/api/episode/19",
            "https://rickandmortyapi.com/api/episode/20",
            "https://rickandmortyapi.com/api/episode/21",
            "https://rickandmortyapi.com/api/episode/22",
            "https://rickandmortyapi.com/api/episode/23",
            "https://rickandmortyapi.com/api/episode/24",
            "https://rickandmortyapi.com/api/episode/25",
            "https://rickandmortyapi.com/api/episode/26",
            "https://rickandmortyapi.com/api/episode/27",
            "https://rickandmortyapi.com/api/episode/29",
            "https://rickandmortyapi.com/api/episode/30",
            "https://rickandmortyapi.com/api/episode/31",
            "https://rickandmortyapi.com/api/episode/32",
            "https://rickandmortyapi.com/api/episode/33",
            "https://rickandmortyapi.com/api/episode/34",
            "https://rickandmortyapi.com/api/episode/35",
            "https://rickandmortyapi.com/api/episode/36",
            "https://rickandmortyapi.com/api/episode/38",
            "https://rickandmortyapi.com/api/episode/39",
            "https://rickandmortyapi.com/api/episode/40",
            "https://rickandmortyapi.com/api/episode/41"
        ],
        "url": "https://rickandmortyapi.com/api/character/3",
        "created": "2017-11-04T19:09:56.428Z"
    },
    {
        "id": 4,
        "name": "Beth Smith",
        "status": "Alive",
        "species": "Human",
        "type": "",
        "gender": "Female",
        "origin": {
            "name": "Earth (Replacement Dimension)",
            "url": "https://rickandmortyapi.com/api/location/20"
        },
        "location": {
            "name": "Earth (Replacement Dimension)",
            "url": "https://rickandmortyapi.com/api/location/20"
        },
        "image": "https://rickandmortyapi.com/api/character/avatar/4.jpeg",
        "episode": [
            "https://rickandmortyapi.com/api/episode/6",
            "https://rickandmortyapi.com/api/episode/7",
            "https://rickandmortyapi.com/api/episode/8",
            "https://rickandmortyapi.com/api/episode/9",
            "https://rickandmortyapi.com/api/episode/10",
            "https://rickandmortyapi.com/api/episode/11",
            "https://rickandmortyapi.com/api/episode/12",
            "https://rickandmortyapi.com/api/episode/14",
            "https://rickandmortyapi.com/api/episode/15",
            "https://rickandmortyapi.com/api/episode/16",
            "https://rickandmortyapi.com/api/episode/18",
            "https://rickandmortyapi.com/api/episode/19",
            "https://rickandmortyapi.com/api/episode/20",
            "https://rickandmortyapi.com/api/episode/21",
            "https://rickandmortyapi.com/api/episode/22",
            "https://rickandmortyapi.com/api/episode/23",
            "https://rickandmortyapi.com/api/episode/24",
            "https://rickandmortyapi.com/api/episode/25",
            "https://rickandmortyapi.com/api/episode/26",
            "https://rickandmortyapi.com/api/episode/27",
            "https://rickandmortyapi.com/api/episode/28",
            "https://rickandmortyapi.com/api/episode/29",
            "https://rickandmortyapi.com/api/episode/30",
            "https://rickandmortyapi.com/api/episode/31",
            "https://rickandmortyapi.com/api/episode/32",
            "https://rickandmortyapi.com/api/episode/33",
            "https://rickandmortyapi.com/api/episode/34",
            "https://rickandmortyapi.com/api/episode/35",
            "https://rickandmortyapi.com/api/episode/36",
            "https://rickandmortyapi.com/api/episode/38",
            "https://rickandmortyapi.com/api/episode/39",
            "https://rickandmortyapi.com/api/episode/40",
            "https://rickandmortyapi.com/api/episode/41"
        ],
        "url": "https://rickandmortyapi.com/api/character/4",
        "created": "2017-11-04T19:22:43.665Z"
    },
    {
        "id": 5,
        "name": "Jerry Smith",
        "status": "Alive",
        "species": "Human",
        "type": "",
        "gender": "Male",
        "origin": {
            "name": "Earth (Replacement Dimension)",
            "url": "https://rickandmortyapi.com/api/location/20"
        },
        "location": {
            "name": "Earth (Replacement Dimension)",
            "url": "https://rickandmortyapi.com/api/location/20"
        },
        "image": "https://rickandmortyapi.com/api/character/avatar/5.jpeg",
        "episode": [
            "https://rickandmortyapi.com/api/episode/6",
            "https://rickandmortyapi.com/api/episode/7",
            "https://rickandmortyapi.com/api/episode/8",
            "https://rickandmortyapi.com/api/episode/9",
            "https://rickandmortyapi.com/api/episode/10",
            "https://rickandmortyapi.com/api/episode/11",
            "https://rickandmortyapi.com/api/episode/12",
            "https://rickandmortyapi.com/api/episode/13",
            "https://rickandmortyapi.com/api/episode/14",
            "https://rickandmortyapi.com/api/episode/15",
            "https://rickandmortyapi.com/api/episode/16",
            "https://rickandmortyapi.com/api/episode/18",
            "https://rickandmortyapi.com/api/episode/19",
            "https://rickandmortyapi.com/api/episode/20",
            "https://rickandmortyapi.com/api/episode/21",
            "https://rickandmortyapi.com/api/episode/22",
            "https://rickandmortyapi.com/api/episode/23",
            "https://rickandmortyapi.com/api/episode/26",
            "https://rickandmortyapi.com/api/episode/29",
            "https://rickandmortyapi.com/api/episode/30",
            "https://rickandmortyapi.com/api/episode/31",
            "https://rickandmortyapi.com/api/episode/32",
            "https://rickandmortyapi.com/api/episode/33",
            "https://rickandmortyapi.com/api/episode/35",
            "https://rickandmortyapi.com/api/episode/36",
            "https://rickandmortyapi.com/api/episode/38",
            "https://rickandmortyapi.com/api/episode/39",
            "https://rickandmortyapi.com/api/episode/40",
            "https://rickandmortyapi.com/api/episode/41"
        ],
        "url": "https://rickandmortyapi.com/api/character/5",
        "created": "2017-11-04T19:26:56.301Z"
    },
    {
        "id": 6,
        "name": "Abadango Cluster Princess",
        "status": "Alive",
        "species": "Alien",
        "type": "",
        "gender": "Female",
        "origin": {
            "name": "Abadango",
            "url": "https://rickandmortyapi.com/api/location/2"
        },
        "location": {
            "name": "Abadango",
            "url": "https://rickandmortyapi.com/api/location/2"
        },
        "image": "https://rickandmortyapi.com/api/character/avatar/6.jpeg",
        "episode": [
            "https://rickandmortyapi.com/api/episode/27"
        ],
        "url": "https://rickandmortyapi.com/api/character/6",
        "created": "2017-11-04T19:50:28.250Z"
    },
    {
        "id": 7,
        "name": "Abradolf Lincler",
        "status": "unknown",
        "species": "Human",
        "type": "Genetic experiment",
        "gender": "Male",
        "origin": {
            "name": "Earth (Replacement Dimension)",
            "url": "https://rickandmortyapi.com/api/location/20"
        },
        "location": {
            "name": "Testicle Monster Dimension",
            "url": "https://rickandmortyapi.com/api/location/21"
        },
        "image": "https://rickandmortyapi.com/api/character/avatar/7.jpeg",
        "episode": [
            "https://rickandmortyapi.com/api/episode/10",
            "https://rickandmortyapi.com/api/episode/11"
        ],
        "url": "https://rickandmortyapi.com/api/character/7",
        "created": "2017-11-04T19:59:20.523Z"
    },
    {
        "id": 8,
        "name": "Adjudicator Rick",
        "status": "Dead",
        "species": "Human",
        "type": "",
        "gender": "Male",
        "origin": {
            "name": "unknown",
            "url": ""
        },
        "location": {
            "name": "Citadel of Ricks",
            "url": "https://rickandmortyapi.com/api/location/3"
        },
        "image": "https://rickandmortyapi.com/api/character/avatar/8.jpeg",
        "episode": [
            "https://rickandmortyapi.com/api/episode/28"
        ],
        "url": "https://rickandmortyapi.com/api/character/8",
        "created": "2017-11-04T20:03:34.737Z"
    },
    {
        "id": 9,
        "name": "Agency Director",
        "status": "Dead",
        "species": "Human",
        "type": "",
        "gender": "Male",
        "origin": {
            "name": "Earth (Replacement Dimension)",
            "url": "https://rickandmortyapi.com/api/location/20"
        },
        "location": {
            "name": "Earth (Replacement Dimension)",
            "url": "https://rickandmortyapi.com/api/location/20"
        },
        "image": "https://rickandmortyapi.com/api/character/avatar/9.jpeg",
        "episode": [
            "https://rickandmortyapi.com/api/episode/24"
        ],
        "url": "https://rickandmortyapi.com/api/character/9",
        "created": "2017-11-04T20:06:54.976Z"
    },
    {
        "id": 10,
        "name": "Alan Rails",
        "status": "Dead",
        "species": "Human",
        "type": "Superhuman (Ghost trains summoner)",
        "gender": "Male",
        "origin": {
            "name": "unknown",
            "url": ""
        },
        "location": {
            "name": "Worldender's lair",
            "url": "https://rickandmortyapi.com/api/location/4"
        },
        "image": "https://rickandmortyapi.com/api/character/avatar/10.jpeg",
        "episode": [
            "https://rickandmortyapi.com/api/episode/25"
        ],
        "url": "https://rickandmortyapi.com/api/character/10",
        "created": "2017-11-04T20:19:09.017Z"
    },
    {
        "id": 11,
        "name": "Albert Einstein",
        "status": "Dead",
        "species": "Human",
        "type": "",
        "gender": "Male",
        "origin": {
            "name": "Earth (C-137)",
            "url": "https://rickandmortyapi.com/api/location/1"
        },
        "location": {
            "name": "Earth (Replacement Dimension)",
            "url": "https://rickandmortyapi.com/api/location/20"
        },
        "image": "https://rickandmortyapi.com/api/character/avatar/11.jpeg",
        "episode": [
            "https://rickandmortyapi.com/api/episode/12"
        ],
        "url": "https://rickandmortyapi.com/api/character/11",
        "created": "2017-11-04T20:20:20.965Z"
    },
    {
        "id": 12,
        "name": "Alexander",
        "status": "Dead",
        "species": "Human",
        "type": "",
        "gender": "Male",
        "origin": {
            "name": "Earth (C-137)",
            "url": "https://rickandmortyapi.com/api/location/1"
        },
        "location": {
            "name": "Anatomy Park",
            "url": "https://rickandmortyapi.com/api/location/5"
        },
        "image": "https://rickandmortyapi.com/api/character/avatar/12.jpeg",
        "episode": [
            "https://rickandmortyapi.com/api/episode/3"
        ],
        "url": "https://rickandmortyapi.com/api/character/12",
        "created": "2017-11-04T20:32:33.144Z"
    },
    {
        "id": 13,
        "name": "Alien Googah",
        "status": "unknown",
        "species": "Alien",
        "type": "",
        "gender": "unknown",
        "origin": {
            "name": "unknown",
            "url": ""
        },
        "location": {
            "name": "Earth (Replacement Dimension)",
            "url": "https://rickandmortyapi.com/api/location/20"
        },
        "image": "https://rickandmortyapi.com/api/character/avatar/13.jpeg",
        "episode": [
            "https://rickandmortyapi.com/api/episode/31"
        ],
        "url": "https://rickandmortyapi.com/api/character/13",
        "created": "2017-11-04T20:33:30.779Z"
    },
    {
        "id": 14,
        "name": "Alien Morty",
        "status": "unknown",
        "species": "Alien",
        "type": "",
        "gender": "Male",
        "origin": {
            "name": "unknown",
            "url": ""
        },
        "location": {
            "name": "Citadel of Ricks",
            "url": "https://rickandmortyapi.com/api/location/3"
        },
        "image": "https://rickandmortyapi.com/api/character/avatar/14.jpeg",
        "episode": [
            "https://rickandmortyapi.com/api/episode/10"
        ],
        "url": "https://rickandmortyapi.com/api/character/14",
        "created": "2017-11-04T20:51:31.373Z"
    },
    {
        "id": 15,
        "name": "Alien Rick",
        "status": "unknown",
        "species": "Alien",
        "type": "",
        "gender": "Male",
        "origin": {
            "name": "unknown",
            "url": ""
        },
        "location": {
            "name": "Citadel of Ricks",
            "url": "https://rickandmortyapi.com/api/location/3"
        },
        "image": "https://rickandmortyapi.com/api/character/avatar/15.jpeg",
        "episode": [
            "https://rickandmortyapi.com/api/episode/10"
        ],
        "url": "https://rickandmortyapi.com/api/character/15",
        "created": "2017-11-04T20:56:13.215Z"
    },
    {
        "id": 16,
        "name": "Amish Cyborg",
        "status": "Dead",
        "species": "Alien",
        "type": "Parasite",
        "gender": "Male",
        "origin": {
            "name": "unknown",
            "url": ""
        },
        "location": {
            "name": "Earth (Replacement Dimension)",
            "url": "https://rickandmortyapi.com/api/location/20"
        },
        "image": "https://rickandmortyapi.com/api/character/avatar/16.jpeg",
        "episode": [
            "https://rickandmortyapi.com/api/episode/15"
        ],
        "url": "https://rickandmortyapi.com/api/character/16",
        "created": "2017-11-04T21:12:45.235Z"
    },
    {
        "id": 17,
        "name": "Annie",
        "status": "Alive",
        "species": "Human",
        "type": "",
        "gender": "Female",
        "origin": {
            "name": "Earth (C-137)",
            "url": "https://rickandmortyapi.com/api/location/1"
        },
        "location": {
            "name": "Anatomy Park",
            "url": "https://rickandmortyapi.com/api/location/5"
        },
        "image": "https://rickandmortyapi.com/api/character/avatar/17.jpeg",
        "episode": [
            "https://rickandmortyapi.com/api/episode/3"
        ],
        "url": "https://rickandmortyapi.com/api/character/17",
        "created": "2017-11-04T22:21:24.481Z"
    },
    {
        "id": 18,
        "name": "Antenna Morty",
        "status": "Alive",
        "species": "Human",
        "type": "Human with antennae",
        "gender": "Male",
        "origin": {
            "name": "unknown",
            "url": ""
        },
        "location": {
            "name": "Citadel of Ricks",
            "url": "https://rickandmortyapi.com/api/location/3"
        },
        "image": "https://rickandmortyapi.com/api/character/avatar/18.jpeg",
        "episode": [
            "https://rickandmortyapi.com/api/episode/10",
            "https://rickandmortyapi.com/api/episode/28"
        ],
        "url": "https://rickandmortyapi.com/api/character/18",
        "created": "2017-11-04T22:25:29.008Z"
    },
    {
        "id": 19,
        "name": "Antenna Rick",
        "status": "unknown",
        "species": "Human",
        "type": "Human with antennae",
        "gender": "Male",
        "origin": {
            "name": "unknown",
            "url": ""
        },
        "location": {
            "name": "unknown",
            "url": ""
        },
        "image": "https://rickandmortyapi.com/api/character/avatar/19.jpeg",
        "episode": [
            "https://rickandmortyapi.com/api/episode/10"
        ],
        "url": "https://rickandmortyapi.com/api/character/19",
        "created": "2017-11-04T22:28:13.756Z"
    },
    {
        "id": 20,
        "name": "Ants in my Eyes Johnson",
        "status": "unknown",
        "species": "Human",
        "type": "Human with ants in his eyes",
        "gender": "Male",
        "origin": {
            "name": "unknown",
            "url": ""
        },
        "location": {
            "name": "Interdimensional Cable",
            "url": "https://rickandmortyapi.com/api/location/6"
        },
        "image": "https://rickandmortyapi.com/api/character/avatar/20.jpeg",
        "episode": [
            "https://rickandmortyapi.com/api/episode/8"
        ],
        "url": "https://rickandmortyapi.com/api/character/20",
        "created": "2017-11-04T22:34:53.659Z"
    },
    {
        "id": 21,
        "name": "Aqua Morty",
        "status": "unknown",
        "species": "Humanoid",
        "type": "Fish-Person",
        "gender": "Male",
        "origin": {
            "name": "unknown",
            "url": ""
        },
        "location": {
            "name": "Citadel of Ricks",
            "url": "https://rickandmortyapi.com/api/location/3"
        },
        "image": "https://rickandmortyapi.com/api/character/avatar/21.jpeg",
        "episode": [
            "https://rickandmortyapi.com/api/episode/10",
            "https://rickandmortyapi.com/api/episode/22"
        ],
        "url": "https://rickandmortyapi.com/api/character/21",
        "created": "2017-11-04T22:39:48.055Z"
    },
    {
        "id": 22,
        "name": "Aqua Rick",
        "status": "unknown",
        "species": "Humanoid",
        "type": "Fish-Person",
        "gender": "Male",
        "origin": {
            "name": "unknown",
            "url": ""
        },
        "location": {
            "name": "Citadel of Ricks",
            "url": "https://rickandmortyapi.com/api/location/3"
        },
        "image": "https://rickandmortyapi.com/api/character/avatar/22.jpeg",
        "episode": [
            "https://rickandmortyapi.com/api/episode/10",
            "https://rickandmortyapi.com/api/episode/22",
            "https://rickandmortyapi.com/api/episode/28"
        ],
        "url": "https://rickandmortyapi.com/api/character/22",
        "created": "2017-11-04T22:41:07.171Z"
    },
    {
        "id": 23,
        "name": "Arcade Alien",
        "status": "unknown",
        "species": "Alien",
        "type": "",
        "gender": "Male",
        "origin": {
            "name": "unknown",
            "url": ""
        },
        "location": {
            "name": "Immortality Field Resort",
            "url": "https://rickandmortyapi.com/api/location/7"
        },
        "image": "https://rickandmortyapi.com/api/character/avatar/23.jpeg",
        "episode": [
            "https://rickandmortyapi.com/api/episode/13",
            "https://rickandmortyapi.com/api/episode/19",
            "https://rickandmortyapi.com/api/episode/21",
            "https://rickandmortyapi.com/api/episode/25",
            "https://rickandmortyapi.com/api/episode/26"
        ],
        "url": "https://rickandmortyapi.com/api/character/23",
        "created": "2017-11-05T08:43:05.095Z"
    },
    {
        "id": 24,
        "name": "Armagheadon",
        "status": "Alive",
        "species": "Alien",
        "type": "Cromulon",
        "gender": "Male",
        "origin": {
            "name": "Signus 5 Expanse",
            "url": "https://rickandmortyapi.com/api/location/22"
        },
        "location": {
            "name": "Signus 5 Expanse",
            "url": "https://rickandmortyapi.com/api/location/22"
        },
        "image": "https://rickandmortyapi.com/api/character/avatar/24.jpeg",
        "episode": [
            "https://rickandmortyapi.com/api/episode/16"
        ],
        "url": "https://rickandmortyapi.com/api/character/24",
        "created": "2017-11-05T08:48:30.776Z"
    },
    {
        "id": 25,
        "name": "Armothy",
        "status": "Dead",
        "species": "unknown",
        "type": "Self-aware arm",
        "gender": "Male",
        "origin": {
            "name": "Post-Apocalyptic Earth",
            "url": "https://rickandmortyapi.com/api/location/8"
        },
        "location": {
            "name": "Post-Apocalyptic Earth",
            "url": "https://rickandmortyapi.com/api/location/8"
        },
        "image": "https://rickandmortyapi.com/api/character/avatar/25.jpeg",
        "episode": [
            "https://rickandmortyapi.com/api/episode/23"
        ],
        "url": "https://rickandmortyapi.com/api/character/25",
        "created": "2017-11-05T08:54:29.343Z"
    },
    {
        "id": 26,
        "name": "Arthricia",
        "status": "Alive",
        "species": "Alien",
        "type": "Cat-Person",
        "gender": "Female",
        "origin": {
            "name": "Purge Planet",
            "url": "https://rickandmortyapi.com/api/location/9"
        },
        "location": {
            "name": "Purge Planet",
            "url": "https://rickandmortyapi.com/api/location/9"
        },
        "image": "https://rickandmortyapi.com/api/character/avatar/26.jpeg",
        "episode": [
            "https://rickandmortyapi.com/api/episode/20"
        ],
        "url": "https://rickandmortyapi.com/api/character/26",
        "created": "2017-11-05T08:56:46.165Z"
    },
    {
        "id": 27,
        "name": "Artist Morty",
        "status": "Alive",
        "species": "Human",
        "type": "",
        "gender": "Male",
        "origin": {
            "name": "unknown",
            "url": ""
        },
        "location": {
            "name": "Citadel of Ricks",
            "url": "https://rickandmortyapi.com/api/location/3"
        },
        "image": "https://rickandmortyapi.com/api/character/avatar/27.jpeg",
        "episode": [
            "https://rickandmortyapi.com/api/episode/10",
            "https://rickandmortyapi.com/api/episode/28"
        ],
        "url": "https://rickandmortyapi.com/api/character/27",
        "created": "2017-11-05T08:59:07.457Z"
    },
    {
        "id": 28,
        "name": "Attila Starwar",
        "status": "Alive",
        "species": "Human",
        "type": "",
        "gender": "Male",
        "origin": {
            "name": "unknown",
            "url": ""
        },
        "location": {
            "name": "Interdimensional Cable",
            "url": "https://rickandmortyapi.com/api/location/6"
        },
        "image": "https://rickandmortyapi.com/api/character/avatar/28.jpeg",
        "episode": [
            "https://rickandmortyapi.com/api/episode/8",
            "https://rickandmortyapi.com/api/episode/13",
            "https://rickandmortyapi.com/api/episode/17"
        ],
        "url": "https://rickandmortyapi.com/api/character/28",
        "created": "2017-11-05T09:02:16.595Z"
    },
    {
        "id": 29,
        "name": "Baby Legs",
        "status": "Alive",
        "species": "Human",
        "type": "Human with baby legs",
        "gender": "Male",
        "origin": {
            "name": "unknown",
            "url": ""
        },
        "location": {
            "name": "Interdimensional Cable",
            "url": "https://rickandmortyapi.com/api/location/6"
        },
        "image": "https://rickandmortyapi.com/api/character/avatar/29.jpeg",
        "episode": [
            "https://rickandmortyapi.com/api/episode/8"
        ],
        "url": "https://rickandmortyapi.com/api/character/29",
        "created": "2017-11-05T09:06:19.644Z"
    },
    {
        "id": 30,
        "name": "Baby Poopybutthole",
        "status": "Alive",
        "species": "Poopybutthole",
        "type": "",
        "gender": "Male",
        "origin": {
            "name": "unknown",
            "url": ""
        },
        "location": {
            "name": "unknown",
            "url": ""
        },
        "image": "https://rickandmortyapi.com/api/character/avatar/30.jpeg",
        "episode": [
            "https://rickandmortyapi.com/api/episode/31"
        ],
        "url": "https://rickandmortyapi.com/api/character/30",
        "created": "2017-11-05T09:13:16.483Z"
    },
    {
        "id": 31,
        "name": "Baby Wizard",
        "status": "Dead",
        "species": "Alien",
        "type": "Parasite",
        "gender": "Male",
        "origin": {
            "name": "unknown",
            "url": ""
        },
        "location": {
            "name": "Earth (Replacement Dimension)",
            "url": "https://rickandmortyapi.com/api/location/20"
        },
        "image": "https://rickandmortyapi.com/api/character/avatar/31.jpeg",
        "episode": [
            "https://rickandmortyapi.com/api/episode/15"
        ],
        "url": "https://rickandmortyapi.com/api/character/31",
        "created": "2017-11-05T09:15:11.286Z"
    },
    {
        "id": 32,
        "name": "Bearded Lady",
        "status": "Dead",
        "species": "Alien",
        "type": "Parasite",
        "gender": "Female",
        "origin": {
            "name": "unknown",
            "url": ""
        },
        "location": {
            "name": "Earth (Replacement Dimension)",
            "url": "https://rickandmortyapi.com/api/location/20"
        },
        "image": "https://rickandmortyapi.com/api/character/avatar/32.jpeg",
        "episode": [
            "https://rickandmortyapi.com/api/episode/15"
        ],
        "url": "https://rickandmortyapi.com/api/character/32",
        "created": "2017-11-05T09:18:04.184Z"
    },
    {
        "id": 33,
        "name": "Beebo",
        "status": "Dead",
        "species": "Alien",
        "type": "",
        "gender": "Male",
        "origin": {
            "name": "Venzenulon 7",
            "url": "https://rickandmortyapi.com/api/location/10"
        },
        "location": {
            "name": "Venzenulon 7",
            "url": "https://rickandmortyapi.com/api/location/10"
        },
        "image": "https://rickandmortyapi.com/api/character/avatar/33.jpeg",
        "episode": [
            "https://rickandmortyapi.com/api/episode/29"
        ],
        "url": "https://rickandmortyapi.com/api/character/33",
        "created": "2017-11-05T09:21:55.595Z"
    },
    {
        "id": 34,
        "name": "Benjamin",
        "status": "Alive",
        "species": "Poopybutthole",
        "type": "",
        "gender": "Male",
        "origin": {
            "name": "unknown",
            "url": ""
        },
        "location": {
            "name": "Interdimensional Cable",
            "url": "https://rickandmortyapi.com/api/location/6"
        },
        "image": "https://rickandmortyapi.com/api/character/avatar/34.jpeg",
        "episode": [
            "https://rickandmortyapi.com/api/episode/8",
            "https://rickandmortyapi.com/api/episode/13",
            "https://rickandmortyapi.com/api/episode/17"
        ],
        "url": "https://rickandmortyapi.com/api/character/34",
        "created": "2017-11-05T09:24:04.748Z"
    },
    {
        "id": 35,
        "name": "Bepisian",
        "status": "Alive",
        "species": "Alien",
        "type": "Bepisian",
        "gender": "unknown",
        "origin": {
            "name": "Bepis 9",
            "url": "https://rickandmortyapi.com/api/location/11"
        },
        "location": {
            "name": "Bepis 9",
            "url": "https://rickandmortyapi.com/api/location/11"
        },
        "image": "https://rickandmortyapi.com/api/character/avatar/35.jpeg",
        "episode": [
            "https://rickandmortyapi.com/api/episode/1",
            "https://rickandmortyapi.com/api/episode/11",
            "https://rickandmortyapi.com/api/episode/19",
            "https://rickandmortyapi.com/api/episode/25"
        ],
        "url": "https://rickandmortyapi.com/api/character/35",
        "created": "2017-11-05T09:27:38.491Z"
    },
    {
        "id": 36,
        "name": "Beta-Seven",
        "status": "Alive",
        "species": "Alien",
        "type": "Hivemind",
        "gender": "unknown",
        "origin": {
            "name": "unknown",
            "url": ""
        },
        "location": {
            "name": "unknown",
            "url": ""
        },
        "image": "https://rickandmortyapi.com/api/character/avatar/36.jpeg",
        "episode": [
            "https://rickandmortyapi.com/api/episode/14"
        ],
        "url": "https://rickandmortyapi.com/api/character/36",
        "created": "2017-11-05T09:31:08.952Z"
    },
    {
        "id": 37,
        "name": "Beth Sanchez",
        "status": "Alive",
        "species": "Human",
        "type": "",
        "gender": "Female",
        "origin": {
            "name": "Earth (C-500A)",
            "url": "https://rickandmortyapi.com/api/location/23"
        },
        "location": {
            "name": "Earth (C-500A)",
            "url": "https://rickandmortyapi.com/api/location/23"
        },
        "image": "https://rickandmortyapi.com/api/character/avatar/37.jpeg",
        "episode": [
            "https://rickandmortyapi.com/api/episode/8"
        ],
        "url": "https://rickandmortyapi.com/api/character/37",
        "created": "2017-11-05T09:38:22.960Z"
    },
    {
        "id": 38,
        "name": "Beth Smith",
        "status": "Alive",
        "species": "Human",
        "type": "",
        "gender": "Female",
        "origin": {
            "name": "Earth (C-137)",
            "url": "https://rickandmortyapi.com/api/location/1"
        },
        "location": {
            "name": "Earth (C-137)",
            "url": "https://rickandmortyapi.com/api/location/1"
        },
        "image": "https://rickandmortyapi.com/api/character/avatar/38.jpeg",
        "episode": [
            "https://rickandmortyapi.com/api/episode/1",
            "https://rickandmortyapi.com/api/episode/2",
            "https://rickandmortyapi.com/api/episode/3",
            "https://rickandmortyapi.com/api/episode/4",
            "https://rickandmortyapi.com/api/episode/5",
            "https://rickandmortyapi.com/api/episode/6",
            "https://rickandmortyapi.com/api/episode/22"
        ],
        "url": "https://rickandmortyapi.com/api/character/38",
        "created": "2017-11-05T09:48:44.230Z"
    },
    {
        "id": 39,
        "name": "Beth Smith",
        "status": "Alive",
        "species": "Human",
        "type": "",
        "gender": "Female",
        "origin": {
            "name": "Earth (Evil Rick's Target Dimension)",
            "url": "https://rickandmortyapi.com/api/location/34"
        },
        "location": {
            "name": "Earth (Evil Rick's Target Dimension)",
            "url": "https://rickandmortyapi.com/api/location/34"
        },
        "image": "https://rickandmortyapi.com/api/character/avatar/39.jpeg",
        "episode": [
            "https://rickandmortyapi.com/api/episode/10"
        ],
        "url": "https://rickandmortyapi.com/api/character/39",
        "created": "2017-11-05T09:52:31.777Z"
    },
    {
        "id": 40,
        "name": "Beth's Mytholog",
        "status": "Dead",
        "species": "Mythological Creature",
        "type": "Mytholog",
        "gender": "Female",
        "origin": {
            "name": "Nuptia 4",
            "url": "https://rickandmortyapi.com/api/location/13"
        },
        "location": {
            "name": "Nuptia 4",
            "url": "https://rickandmortyapi.com/api/location/13"
        },
        "image": "https://rickandmortyapi.com/api/character/avatar/40.jpeg",
        "episode": [
            "https://rickandmortyapi.com/api/episode/18"
        ],
        "url": "https://rickandmortyapi.com/api/character/40",
        "created": "2017-11-05T10:02:26.701Z"
    },
    {
        "id": 41,
        "name": "Big Boobed Waitress",
        "status": "Alive",
        "species": "Mythological Creature",
        "type": "",
        "gender": "Female",
        "origin": {
            "name": "Fantasy World",
            "url": "https://rickandmortyapi.com/api/location/48"
        },
        "location": {
            "name": "Fantasy World",
            "url": "https://rickandmortyapi.com/api/location/48"
        },
        "image": "https://rickandmortyapi.com/api/character/avatar/41.jpeg",
        "episode": [
            "https://rickandmortyapi.com/api/episode/5"
        ],
        "url": "https://rickandmortyapi.com/api/character/41",
        "created": "2017-11-05T10:13:45.960Z"
    },
    {
        "id": 42,
        "name": "Big Head Morty",
        "status": "unknown",
        "species": "Human",
        "type": "Human with giant head",
        "gender": "Male",
        "origin": {
            "name": "unknown",
            "url": ""
        },
        "location": {
            "name": "Citadel of Ricks",
            "url": "https://rickandmortyapi.com/api/location/3"
        },
        "image": "https://rickandmortyapi.com/api/character/avatar/42.jpeg",
        "episode": [
            "https://rickandmortyapi.com/api/episode/22"
        ],
        "url": "https://rickandmortyapi.com/api/character/42",
        "created": "2017-11-05T10:15:53.349Z"
    },
    {
        "id": 43,
        "name": "Big Morty",
        "status": "Dead",
        "species": "Human",
        "type": "",
        "gender": "Male",
        "origin": {
            "name": "unknown",
            "url": ""
        },
        "location": {
            "name": "Citadel of Ricks",
            "url": "https://rickandmortyapi.com/api/location/3"
        },
        "image": "https://rickandmortyapi.com/api/character/avatar/43.jpeg",
        "episode": [
            "https://rickandmortyapi.com/api/episode/28"
        ],
        "url": "https://rickandmortyapi.com/api/character/43",
        "created": "2017-11-05T10:17:04.997Z"
    },
    {
        "id": 44,
        "name": "Body Guard Morty",
        "status": "Dead",
        "species": "Human",
        "type": "",
        "gender": "Male",
        "origin": {
            "name": "unknown",
            "url": ""
        },
        "location": {
            "name": "Citadel of Ricks",
            "url": "https://rickandmortyapi.com/api/location/3"
        },
        "image": "https://rickandmortyapi.com/api/character/avatar/44.jpeg",
        "episode": [
            "https://rickandmortyapi.com/api/episode/28"
        ],
        "url": "https://rickandmortyapi.com/api/character/44",
        "created": "2017-11-05T10:18:11.062Z"
    },
    {
        "id": 45,
        "name": "Bill",
        "status": "Alive",
        "species": "Human",
        "type": "",
        "gender": "Male",
        "origin": {
            "name": "Earth (C-137)",
            "url": "https://rickandmortyapi.com/api/location/1"
        },
        "location": {
            "name": "Earth (C-137)",
            "url": "https://rickandmortyapi.com/api/location/1"
        },
        "image": "https://rickandmortyapi.com/api/character/avatar/45.jpeg",
        "episode": [
            "https://rickandmortyapi.com/api/episode/3"
        ],
        "url": "https://rickandmortyapi.com/api/character/45",
        "created": "2017-11-05T10:22:27.446Z"
    },
    {
        "id": 46,
        "name": "Bill",
        "status": "unknown",
        "species": "Animal",
        "type": "Dog",
        "gender": "Male",
        "origin": {
            "name": "Earth (Replacement Dimension)",
            "url": "https://rickandmortyapi.com/api/location/20"
        },
        "location": {
            "name": "unknown",
            "url": ""
        },
        "image": "https://rickandmortyapi.com/api/character/avatar/46.jpeg",
        "episode": [
            "https://rickandmortyapi.com/api/episode/2"
        ],
        "url": "https://rickandmortyapi.com/api/character/46",
        "created": "2017-11-05T10:24:38.089Z"
    },
    {
        "id": 47,
        "name": "Birdperson",
        "status": "Dead",
        "species": "Alien",
        "type": "Bird-Person",
        "gender": "Male",
        "origin": {
            "name": "Bird World",
            "url": "https://rickandmortyapi.com/api/location/15"
        },
        "location": {
            "name": "Planet Squanch",
            "url": "https://rickandmortyapi.com/api/location/35"
        },
        "image": "https://rickandmortyapi.com/api/character/avatar/47.jpeg",
        "episode": [
            "https://rickandmortyapi.com/api/episode/11",
            "https://rickandmortyapi.com/api/episode/16",
            "https://rickandmortyapi.com/api/episode/21",
            "https://rickandmortyapi.com/api/episode/22",
            "https://rickandmortyapi.com/api/episode/26"
        ],
        "url": "https://rickandmortyapi.com/api/character/47",
        "created": "2017-11-05T11:13:36.018Z"
    },
    {
        "id": 48,
        "name": "Black Rick",
        "status": "Alive",
        "species": "Human",
        "type": "",
        "gender": "Male",
        "origin": {
            "name": "unknown",
            "url": ""
        },
        "location": {
            "name": "Citadel of Ricks",
            "url": "https://rickandmortyapi.com/api/location/3"
        },
        "image": "https://rickandmortyapi.com/api/character/avatar/48.jpeg",
        "episode": [
            "https://rickandmortyapi.com/api/episode/22",
            "https://rickandmortyapi.com/api/episode/28"
        ],
        "url": "https://rickandmortyapi.com/api/character/48",
        "created": "2017-11-05T11:15:26.044Z"
    },
    {
        "id": 49,
        "name": "Blamph",
        "status": "Alive",
        "species": "Alien",
        "type": "",
        "gender": "unknown",
        "origin": {
            "name": "unknown",
            "url": ""
        },
        "location": {
            "name": "Interdimensional Cable",
            "url": "https://rickandmortyapi.com/api/location/6"
        },
        "image": "https://rickandmortyapi.com/api/character/avatar/49.jpeg",
        "episode": [
            "https://rickandmortyapi.com/api/episode/19"
        ],
        "url": "https://rickandmortyapi.com/api/character/49",
        "created": "2017-11-05T11:18:26.702Z"
    },
    {
        "id": 50,
        "name": "Blim Blam",
        "status": "Alive",
        "species": "Alien",
        "type": "Korblock",
        "gender": "Male",
        "origin": {
            "name": "unknown",
            "url": ""
        },
        "location": {
            "name": "Earth (Replacement Dimension)",
            "url": "https://rickandmortyapi.com/api/location/20"
        },
        "image": "https://rickandmortyapi.com/api/character/avatar/50.jpeg",
        "episode": [
            "https://rickandmortyapi.com/api/episode/14"
        ],
        "url": "https://rickandmortyapi.com/api/character/50",
        "created": "2017-11-05T11:21:43.756Z"
    },
    {
        "id": 51,
        "name": "Blue Diplomat",
        "status": "Alive",
        "species": "Alien",
        "type": "",
        "gender": "Male",
        "origin": {
            "name": "unknown",
            "url": ""
        },
        "location": {
            "name": "Interdimensional Cable",
            "url": "https://rickandmortyapi.com/api/location/6"
        },
        "image": "https://rickandmortyapi.com/api/character/avatar/51.jpeg",
        "episode": [
            "https://rickandmortyapi.com/api/episode/19"
        ],
        "url": "https://rickandmortyapi.com/api/character/51",
        "created": "2017-11-05T11:24:49.688Z"
    },
    {
        "id": 52,
        "name": "Blue Footprint Guy",
        "status": "Dead",
        "species": "Human",
        "type": "",
        "gender": "Male",
        "origin": {
            "name": "Post-Apocalyptic Earth",
            "url": "https://rickandmortyapi.com/api/location/8"
        },
        "location": {
            "name": "Post-Apocalyptic Earth",
            "url": "https://rickandmortyapi.com/api/location/8"
        },
        "image": "https://rickandmortyapi.com/api/character/avatar/52.jpeg",
        "episode": [
            "https://rickandmortyapi.com/api/episode/23"
        ],
        "url": "https://rickandmortyapi.com/api/character/52",
        "created": "2017-11-05T11:26:42.084Z"
    },
    {
        "id": 53,
        "name": "Blue Shirt Morty",
        "status": "unknown",
        "species": "Human",
        "type": "",
        "gender": "Male",
        "origin": {
            "name": "unknown",
            "url": ""
        },
        "location": {
            "name": "Citadel of Ricks",
            "url": "https://rickandmortyapi.com/api/location/3"
        },
        "image": "https://rickandmortyapi.com/api/character/avatar/53.jpeg",
        "episode": [
            "https://rickandmortyapi.com/api/episode/10"
        ],
        "url": "https://rickandmortyapi.com/api/character/53",
        "created": "2017-11-05T11:28:38.627Z"
    },
    {
        "id": 54,
        "name": "Bobby Moynihan",
        "status": "Alive",
        "species": "Human",
        "type": "",
        "gender": "Male",
        "origin": {
            "name": "unknown",
            "url": ""
        },
        "location": {
            "name": "Interdimensional Cable",
            "url": "https://rickandmortyapi.com/api/location/6"
        },
        "image": "https://rickandmortyapi.com/api/character/avatar/54.jpeg",
        "episode": [
            "https://rickandmortyapi.com/api/episode/8"
        ],
        "url": "https://rickandmortyapi.com/api/character/54",
        "created": "2017-11-05T11:31:26.348Z"
    },
    {
        "id": 55,
        "name": "Boobloosian",
        "status": "Dead",
        "species": "Alien",
        "type": "Boobloosian",
        "gender": "unknown",
        "origin": {
            "name": "unknown",
            "url": ""
        },
        "location": {
            "name": "Nuptia 4",
            "url": "https://rickandmortyapi.com/api/location/13"
        },
        "image": "https://rickandmortyapi.com/api/character/avatar/55.jpeg",
        "episode": [
            "https://rickandmortyapi.com/api/episode/18",
            "https://rickandmortyapi.com/api/episode/21"
        ],
        "url": "https://rickandmortyapi.com/api/character/55",
        "created": "2017-11-05T11:32:53.847Z"
    },
    {
        "id": 56,
        "name": "Bootleg Portal Chemist Rick",
        "status": "Dead",
        "species": "Human",
        "type": "",
        "gender": "Male",
        "origin": {
            "name": "unknown",
            "url": ""
        },
        "location": {
            "name": "Citadel of Ricks",
            "url": "https://rickandmortyapi.com/api/location/3"
        },
        "image": "https://rickandmortyapi.com/api/character/avatar/56.jpeg",
        "episode": [
            "https://rickandmortyapi.com/api/episode/28"
        ],
        "url": "https://rickandmortyapi.com/api/character/56",
        "created": "2017-11-05T11:34:16.447Z"
    },
    {
        "id": 57,
        "name": "Borpocian",
        "status": "Alive",
        "species": "Alien",
        "type": "Elephant-Person",
        "gender": "Male",
        "origin": {
            "name": "unknown",
            "url": ""
        },
        "location": {
            "name": "unknown",
            "url": ""
        },
        "image": "https://rickandmortyapi.com/api/character/avatar/57.jpeg",
        "episode": [
            "https://rickandmortyapi.com/api/episode/22"
        ],
        "url": "https://rickandmortyapi.com/api/character/57",
        "created": "2017-11-05T11:38:29.459Z"
    },
    {
        "id": 58,
        "name": "Brad",
        "status": "Alive",
        "species": "Human",
        "type": "",
        "gender": "Male",
        "origin": {
            "name": "Earth (Replacement Dimension)",
            "url": "https://rickandmortyapi.com/api/location/20"
        },
        "location": {
            "name": "Earth (Replacement Dimension)",
            "url": "https://rickandmortyapi.com/api/location/20"
        },
        "image": "https://rickandmortyapi.com/api/character/avatar/58.jpeg",
        "episode": [
            "https://rickandmortyapi.com/api/episode/6",
            "https://rickandmortyapi.com/api/episode/11",
            "https://rickandmortyapi.com/api/episode/30"
        ],
        "url": "https://rickandmortyapi.com/api/character/58",
        "created": "2017-11-05T11:40:02.554Z"
    },
    {
        "id": 59,
        "name": "Brad Anderson",
        "status": "Dead",
        "species": "Human",
        "type": "",
        "gender": "Male",
        "origin": {
            "name": "Earth (Replacement Dimension)",
            "url": "https://rickandmortyapi.com/api/location/20"
        },
        "location": {
            "name": "Earth (Replacement Dimension)",
            "url": "https://rickandmortyapi.com/api/location/20"
        },
        "image": "https://rickandmortyapi.com/api/character/avatar/59.jpeg",
        "episode": [
            "https://rickandmortyapi.com/api/episode/7"
        ],
        "url": "https://rickandmortyapi.com/api/character/59",
        "created": "2017-11-05T11:41:38.964Z"
    },
    {
        "id": 60,
        "name": "Calypso",
        "status": "Dead",
        "species": "Human",
        "type": "Superhuman",
        "gender": "Female",
        "origin": {
            "name": "unknown",
            "url": ""
        },
        "location": {
            "name": "unknown",
            "url": ""
        },
        "image": "https://rickandmortyapi.com/api/character/avatar/60.jpeg",
        "episode": [
            "https://rickandmortyapi.com/api/episode/25"
        ],
        "url": "https://rickandmortyapi.com/api/character/60",
        "created": "2017-11-05T11:52:45.852Z"
    },
    {
        "id": 61,
        "name": "Campaign Manager Morty",
        "status": "Dead",
        "species": "Human",
        "type": "",
        "gender": "Male",
        "origin": {
            "name": "unknown",
            "url": ""
        },
        "location": {
            "name": "Citadel of Ricks",
            "url": "https://rickandmortyapi.com/api/location/3"
        },
        "image": "https://rickandmortyapi.com/api/character/avatar/61.jpeg",
        "episode": [
            "https://rickandmortyapi.com/api/episode/28"
        ],
        "url": "https://rickandmortyapi.com/api/character/61",
        "created": "2017-11-05T11:53:44.737Z"
    },
    {
        "id": 62,
        "name": "Canklanker Thom",
        "status": "Dead",
        "species": "Alien",
        "type": "Gromflomite",
        "gender": "Male",
        "origin": {
            "name": "Gromflom Prime",
            "url": "https://rickandmortyapi.com/api/location/19"
        },
        "location": {
            "name": "unknown",
            "url": ""
        },
        "image": "https://rickandmortyapi.com/api/character/avatar/62.jpeg",
        "episode": [
            "https://rickandmortyapi.com/api/episode/1"
        ],
        "url": "https://rickandmortyapi.com/api/character/62",
        "created": "2017-11-05T12:06:23.217Z"
    },
    {
        "id": 63,
        "name": "Centaur",
        "status": "Alive",
        "species": "Mythological Creature",
        "type": "Centaur",
        "gender": "Male",
        "origin": {
            "name": "unknown",
            "url": ""
        },
        "location": {
            "name": "Mr. Goldenfold's dream",
            "url": "https://rickandmortyapi.com/api/location/18"
        },
        "image": "https://rickandmortyapi.com/api/character/avatar/63.jpeg",
        "episode": [
            "https://rickandmortyapi.com/api/episode/2"
        ],
        "url": "https://rickandmortyapi.com/api/character/63",
        "created": "2017-11-05T12:22:17.848Z"
    },
    {
        "id": 64,
        "name": "Chris",
        "status": "Dead",
        "species": "Alien",
        "type": "Organic gun",
        "gender": "unknown",
        "origin": {
            "name": "unknown",
            "url": ""
        },
        "location": {
            "name": "Earth (Replacement Dimension)",
            "url": "https://rickandmortyapi.com/api/location/20"
        },
        "image": "https://rickandmortyapi.com/api/character/avatar/64.jpeg",
        "episode": [
            "https://rickandmortyapi.com/api/episode/12"
        ],
        "url": "https://rickandmortyapi.com/api/character/64",
        "created": "2017-11-05T12:25:03.541Z"
    },
    {
        "id": 65,
        "name": "Chris",
        "status": "Alive",
        "species": "Humanoid",
        "type": "Microverse inhabitant",
        "gender": "Male",
        "origin": {
            "name": "Rick's Battery Microverse",
            "url": "https://rickandmortyapi.com/api/location/24"
        },
        "location": {
            "name": "Rick's Battery Microverse",
            "url": "https://rickandmortyapi.com/api/location/24"
        },
        "image": "https://rickandmortyapi.com/api/character/avatar/65.jpeg",
        "episode": [
            "https://rickandmortyapi.com/api/episode/17"
        ],
        "url": "https://rickandmortyapi.com/api/character/65",
        "created": "2017-11-30T11:02:41.935Z"
    },
    {
        "id": 66,
        "name": "Coach Feratu (Balik Alistane)",
        "status": "Dead",
        "species": "Mythological Creature",
        "type": "Vampire",
        "gender": "Male",
        "origin": {
            "name": "Earth (Replacement Dimension)",
            "url": "https://rickandmortyapi.com/api/location/20"
        },
        "location": {
            "name": "Earth (Replacement Dimension)",
            "url": "https://rickandmortyapi.com/api/location/20"
        },
        "image": "https://rickandmortyapi.com/api/character/avatar/66.jpeg",
        "episode": [
            "https://rickandmortyapi.com/api/episode/18"
        ],
        "url": "https://rickandmortyapi.com/api/character/66",
        "created": "2017-11-30T11:10:10.491Z"
    },
    {
        "id": 67,
        "name": "Collector",
        "status": "Alive",
        "species": "Alien",
        "type": "Light bulb-Alien",
        "gender": "Male",
        "origin": {
            "name": "The Menagerie",
            "url": "https://rickandmortyapi.com/api/location/25"
        },
        "location": {
            "name": "The Menagerie",
            "url": "https://rickandmortyapi.com/api/location/25"
        },
        "image": "https://rickandmortyapi.com/api/character/avatar/67.jpeg",
        "episode": [
            "https://rickandmortyapi.com/api/episode/29"
        ],
        "url": "https://rickandmortyapi.com/api/character/67",
        "created": "2017-11-30T11:13:46.785Z"
    },
    {
        "id": 68,
        "name": "Colossus",
        "status": "Dead",
        "species": "Human",
        "type": "",
        "gender": "Male",
        "origin": {
            "name": "Post-Apocalyptic Earth",
            "url": "https://rickandmortyapi.com/api/location/8"
        },
        "location": {
            "name": "Post-Apocalyptic Earth",
            "url": "https://rickandmortyapi.com/api/location/8"
        },
        "image": "https://rickandmortyapi.com/api/character/avatar/68.jpeg",
        "episode": [
            "https://rickandmortyapi.com/api/episode/23"
        ],
        "url": "https://rickandmortyapi.com/api/character/68",
        "created": "2017-11-30T11:17:32.733Z"
    },
    {
        "id": 69,
        "name": "Commander Rick",
        "status": "Dead",
        "species": "Human",
        "type": "",
        "gender": "Male",
        "origin": {
            "name": "unknown",
            "url": ""
        },
        "location": {
            "name": "Citadel of Ricks",
            "url": "https://rickandmortyapi.com/api/location/3"
        },
        "image": "https://rickandmortyapi.com/api/character/avatar/69.jpeg",
        "episode": [
            "https://rickandmortyapi.com/api/episode/22"
        ],
        "url": "https://rickandmortyapi.com/api/character/69",
        "created": "2017-11-30T11:28:06.461Z"
    },
    {
        "id": 70,
        "name": "Concerto",
        "status": "Dead",
        "species": "Humanoid",
        "type": "",
        "gender": "Male",
        "origin": {
            "name": "unknown",
            "url": ""
        },
        "location": {
            "name": "unknown",
            "url": ""
        },
        "image": "https://rickandmortyapi.com/api/character/avatar/70.jpeg",
        "episode": [
            "https://rickandmortyapi.com/api/episode/24"
        ],
        "url": "https://rickandmortyapi.com/api/character/70",
        "created": "2017-11-30T11:31:41.926Z"
    },
    {
        "id": 71,
        "name": "Conroy",
        "status": "Dead",
        "species": "Robot",
        "type": "",
        "gender": "unknown",
        "origin": {
            "name": "Earth (Replacement Dimension)",
            "url": "https://rickandmortyapi.com/api/location/20"
        },
        "location": {
            "name": "Earth (C-137)",
            "url": "https://rickandmortyapi.com/api/location/1"
        },
        "image": "https://rickandmortyapi.com/api/character/avatar/71.jpeg",
        "episode": [
            "https://rickandmortyapi.com/api/episode/22"
        ],
        "url": "https://rickandmortyapi.com/api/character/71",
        "created": "2017-11-30T11:35:50.183Z"
    },
    {
        "id": 72,
        "name": "Cool Rick",
        "status": "Alive",
        "species": "Human",
        "type": "",
        "gender": "Male",
        "origin": {
            "name": "Earth (K-83)",
            "url": "https://rickandmortyapi.com/api/location/26"
        },
        "location": {
            "name": "Citadel of Ricks",
            "url": "https://rickandmortyapi.com/api/location/3"
        },
        "image": "https://rickandmortyapi.com/api/character/avatar/72.jpeg",
        "episode": [
            "https://rickandmortyapi.com/api/episode/28"
        ],
        "url": "https://rickandmortyapi.com/api/character/72",
        "created": "2017-11-30T11:41:11.542Z"
    },
    {
        "id": 73,
        "name": "Cop Morty",
        "status": "Dead",
        "species": "Human",
        "type": "",
        "gender": "Male",
        "origin": {
            "name": "unknown",
            "url": ""
        },
        "location": {
            "name": "Citadel of Ricks",
            "url": "https://rickandmortyapi.com/api/location/3"
        },
        "image": "https://rickandmortyapi.com/api/character/avatar/73.jpeg",
        "episode": [
            "https://rickandmortyapi.com/api/episode/28"
        ],
        "url": "https://rickandmortyapi.com/api/character/73",
        "created": "2017-11-30T11:43:04.217Z"
    },
    {
        "id": 74,
        "name": "Cop Rick",
        "status": "Alive",
        "species": "Human",
        "type": "",
        "gender": "Male",
        "origin": {
            "name": "unknown",
            "url": ""
        },
        "location": {
            "name": "Citadel of Ricks",
            "url": "https://rickandmortyapi.com/api/location/3"
        },
        "image": "https://rickandmortyapi.com/api/character/avatar/74.jpeg",
        "episode": [
            "https://rickandmortyapi.com/api/episode/28"
        ],
        "url": "https://rickandmortyapi.com/api/character/74",
        "created": "2017-11-30T11:48:18.950Z"
    },
    {
        "id": 75,
        "name": "Courier Flap",
        "status": "Alive",
        "species": "Alien",
        "type": "",
        "gender": "unknown",
        "origin": {
            "name": "unknown",
            "url": ""
        },
        "location": {
            "name": "Planet Squanch",
            "url": "https://rickandmortyapi.com/api/location/35"
        },
        "image": "https://rickandmortyapi.com/api/character/avatar/75.jpeg",
        "episode": [
            "https://rickandmortyapi.com/api/episode/21"
        ],
        "url": "https://rickandmortyapi.com/api/character/75",
        "created": "2017-11-30T12:12:57.553Z"
    },
    {
        "id": 76,
        "name": "Cousin Nicky",
        "status": "Dead",
        "species": "Alien",
        "type": "Parasite",
        "gender": "Male",
        "origin": {
            "name": "unknown",
            "url": ""
        },
        "location": {
            "name": "Earth (Replacement Dimension)",
            "url": "https://rickandmortyapi.com/api/location/20"
        },
        "image": "https://rickandmortyapi.com/api/character/avatar/76.jpeg",
        "episode": [
            "https://rickandmortyapi.com/api/episode/15"
        ],
        "url": "https://rickandmortyapi.com/api/character/76",
        "created": "2017-11-30T14:11:52.882Z"
    },
    {
        "id": 77,
        "name": "Cowboy Morty",
        "status": "Alive",
        "species": "Human",
        "type": "",
        "gender": "Male",
        "origin": {
            "name": "unknown",
            "url": ""
        },
        "location": {
            "name": "Citadel of Ricks",
            "url": "https://rickandmortyapi.com/api/location/3"
        },
        "image": "https://rickandmortyapi.com/api/character/avatar/77.jpeg",
        "episode": [
            "https://rickandmortyapi.com/api/episode/10"
        ],
        "url": "https://rickandmortyapi.com/api/character/77",
        "created": "2017-11-30T14:13:17.371Z"
    },
    {
        "id": 78,
        "name": "Cowboy Rick",
        "status": "Alive",
        "species": "Human",
        "type": "",
        "gender": "Male",
        "origin": {
            "name": "unknown",
            "url": ""
        },
        "location": {
            "name": "Citadel of Ricks",
            "url": "https://rickandmortyapi.com/api/location/3"
        },
        "image": "https://rickandmortyapi.com/api/character/avatar/78.jpeg",
        "episode": [
            "https://rickandmortyapi.com/api/episode/10",
            "https://rickandmortyapi.com/api/episode/28"
        ],
        "url": "https://rickandmortyapi.com/api/character/78",
        "created": "2017-11-30T14:15:18.347Z"
    },
    {
        "id": 79,
        "name": "Crab Spider",
        "status": "Alive",
        "species": "Alien",
        "type": "Animal",
        "gender": "unknown",
        "origin": {
            "name": "Hideout Planet",
            "url": "https://rickandmortyapi.com/api/location/27"
        },
        "location": {
            "name": "Hideout Planet",
            "url": "https://rickandmortyapi.com/api/location/27"
        },
        "image": "https://rickandmortyapi.com/api/character/avatar/79.jpeg",
        "episode": [
            "https://rickandmortyapi.com/api/episode/10"
        ],
        "url": "https://rickandmortyapi.com/api/character/79",
        "created": "2017-11-30T14:18:16.899Z"
    },
    {
        "id": 80,
        "name": "Creepy Little Girl",
        "status": "Alive",
        "species": "Human",
        "type": "",
        "gender": "Female",
        "origin": {
            "name": "unknown",
            "url": ""
        },
        "location": {
            "name": "Mr. Goldenfold's dream",
            "url": "https://rickandmortyapi.com/api/location/18"
        },
        "image": "https://rickandmortyapi.com/api/character/avatar/80.jpeg",
        "episode": [
            "https://rickandmortyapi.com/api/episode/2"
        ],
        "url": "https://rickandmortyapi.com/api/character/80",
        "created": "2017-11-30T14:20:35.772Z"
    },
    {
        "id": 81,
        "name": "Crocubot",
        "status": "Dead",
        "species": "Animal",
        "type": "Robot-Crocodile hybrid",
        "gender": "Male",
        "origin": {
            "name": "unknown",
            "url": ""
        },
        "location": {
            "name": "Worldender's lair",
            "url": "https://rickandmortyapi.com/api/location/4"
        },
        "image": "https://rickandmortyapi.com/api/character/avatar/81.jpeg",
        "episode": [
            "https://rickandmortyapi.com/api/episode/25"
        ],
        "url": "https://rickandmortyapi.com/api/character/81",
        "created": "2017-11-30T14:23:41.053Z"
    },
    {
        "id": 82,
        "name": "Cronenberg Rick",
        "status": "unknown",
        "species": "Cronenberg",
        "type": "",
        "gender": "Male",
        "origin": {
            "name": "Cronenberg Earth",
            "url": "https://rickandmortyapi.com/api/location/12"
        },
        "location": {
            "name": "Earth (C-137)",
            "url": "https://rickandmortyapi.com/api/location/1"
        },
        "image": "https://rickandmortyapi.com/api/character/avatar/82.jpeg",
        "episode": [
            "https://rickandmortyapi.com/api/episode/6",
            "https://rickandmortyapi.com/api/episode/10"
        ],
        "url": "https://rickandmortyapi.com/api/character/82",
        "created": "2017-11-30T14:28:54.596Z"
    },
    {
        "id": 83,
        "name": "Cronenberg Morty",
        "status": "unknown",
        "species": "Cronenberg",
        "type": "",
        "gender": "Male",
        "origin": {
            "name": "Cronenberg Earth",
            "url": "https://rickandmortyapi.com/api/location/12"
        },
        "location": {
            "name": "Earth (C-137)",
            "url": "https://rickandmortyapi.com/api/location/1"
        },
        "image": "https://rickandmortyapi.com/api/character/avatar/83.jpeg",
        "episode": [
            "https://rickandmortyapi.com/api/episode/6",
            "https://rickandmortyapi.com/api/episode/10"
        ],
        "url": "https://rickandmortyapi.com/api/character/83",
        "created": "2017-11-30T20:02:29.204Z"
    },
    {
        "id": 84,
        "name": "Cult Leader Morty",
        "status": "Alive",
        "species": "Human",
        "type": "",
        "gender": "Male",
        "origin": {
            "name": "unknown",
            "url": ""
        },
        "location": {
            "name": "Hideout Planet",
            "url": "https://rickandmortyapi.com/api/location/27"
        },
        "image": "https://rickandmortyapi.com/api/character/avatar/84.jpeg",
        "episode": [
            "https://rickandmortyapi.com/api/episode/10"
        ],
        "url": "https://rickandmortyapi.com/api/character/84",
        "created": "2017-11-30T20:41:48.080Z"
    },
    {
        "id": 85,
        "name": "Cyclops Morty",
        "status": "Alive",
        "species": "Humanoid",
        "type": "",
        "gender": "Male",
        "origin": {
            "name": "unknown",
            "url": ""
        },
        "location": {
            "name": "Citadel of Ricks",
            "url": "https://rickandmortyapi.com/api/location/3"
        },
        "image": "https://rickandmortyapi.com/api/character/avatar/85.jpeg",
        "episode": [
            "https://rickandmortyapi.com/api/episode/10",
            "https://rickandmortyapi.com/api/episode/28"
        ],
        "url": "https://rickandmortyapi.com/api/character/85",
        "created": "2017-11-30T20:49:52.133Z"
    },
    {
        "id": 86,
        "name": "Cyclops Rick",
        "status": "Dead",
        "species": "Humanoid",
        "type": "",
        "gender": "Male",
        "origin": {
            "name": "unknown",
            "url": ""
        },
        "location": {
            "name": "Citadel of Ricks",
            "url": "https://rickandmortyapi.com/api/location/3"
        },
        "image": "https://rickandmortyapi.com/api/character/avatar/86.jpeg",
        "episode": [
            "https://rickandmortyapi.com/api/episode/10",
            "https://rickandmortyapi.com/api/episode/22",
            "https://rickandmortyapi.com/api/episode/28"
        ],
        "url": "https://rickandmortyapi.com/api/character/86",
        "created": "2017-11-30T20:53:10.382Z"
    },
    {
        "id": 87,
        "name": "Cynthia",
        "status": "Dead",
        "species": "Alien",
        "type": "Zigerion",
        "gender": "Female",
        "origin": {
            "name": "unknown",
            "url": ""
        },
        "location": {
            "name": "Zigerion's Base",
            "url": "https://rickandmortyapi.com/api/location/46"
        },
        "image": "https://rickandmortyapi.com/api/character/avatar/87.jpeg",
        "episode": [
            "https://rickandmortyapi.com/api/episode/4"
        ],
        "url": "https://rickandmortyapi.com/api/character/87",
        "created": "2017-11-30T21:08:32.534Z"
    },
    {
        "id": 88,
        "name": "Cynthia",
        "status": "Alive",
        "species": "Human",
        "type": "",
        "gender": "Female",
        "origin": {
            "name": "Earth (Replacement Dimension)",
            "url": "https://rickandmortyapi.com/api/location/20"
        },
        "location": {
            "name": "Earth (Replacement Dimension)",
            "url": "https://rickandmortyapi.com/api/location/20"
        },
        "image": "https://rickandmortyapi.com/api/character/avatar/88.jpeg",
        "episode": [
            "https://rickandmortyapi.com/api/episode/8",
            "https://rickandmortyapi.com/api/episode/9",
            "https://rickandmortyapi.com/api/episode/11",
            "https://rickandmortyapi.com/api/episode/25"
        ],
        "url": "https://rickandmortyapi.com/api/character/88",
        "created": "2017-11-30T21:16:35.633Z"
    },
    {
        "id": 89,
        "name": "Dale",
        "status": "Dead",
        "species": "Mythological Creature",
        "type": "Giant",
        "gender": "Male",
        "origin": {
            "name": "Giant's Town",
            "url": "https://rickandmortyapi.com/api/location/14"
        },
        "location": {
            "name": "Giant's Town",
            "url": "https://rickandmortyapi.com/api/location/14"
        },
        "image": "https://rickandmortyapi.com/api/character/avatar/89.jpeg",
        "episode": [
            "https://rickandmortyapi.com/api/episode/5"
        ],
        "url": "https://rickandmortyapi.com/api/character/89",
        "created": "2017-12-01T10:32:08.340Z"
    },
    {
        "id": 90,
        "name": "Daron Jefferson",
        "status": "Alive",
        "species": "Alien",
        "type": "Cone-nippled alien",
        "gender": "Male",
        "origin": {
            "name": "Unity's Planet",
            "url": "https://rickandmortyapi.com/api/location/28"
        },
        "location": {
            "name": "Unity's Planet",
            "url": "https://rickandmortyapi.com/api/location/28"
        },
        "image": "https://rickandmortyapi.com/api/character/avatar/90.jpeg",
        "episode": [
            "https://rickandmortyapi.com/api/episode/14"
        ],
        "url": "https://rickandmortyapi.com/api/character/90",
        "created": "2017-12-01T10:54:34.736Z"
    },
    {
        "id": 91,
        "name": "David Letterman",
        "status": "Alive",
        "species": "Human",
        "type": "",
        "gender": "Male",
        "origin": {
            "name": "Earth (C-500A)",
            "url": "https://rickandmortyapi.com/api/location/23"
        },
        "location": {
            "name": "Earth (C-500A)",
            "url": "https://rickandmortyapi.com/api/location/23"
        },
        "image": "https://rickandmortyapi.com/api/character/avatar/91.jpeg",
        "episode": [
            "https://rickandmortyapi.com/api/episode/8"
        ],
        "url": "https://rickandmortyapi.com/api/character/91",
        "created": "2017-12-01T11:12:25.105Z"
    },
    {
        "id": 92,
        "name": "Davin",
        "status": "Dead",
        "species": "Human",
        "type": "",
        "gender": "Male",
        "origin": {
            "name": "Earth (C-137)",
            "url": "https://rickandmortyapi.com/api/location/1"
        },
        "location": {
            "name": "Earth (C-137)",
            "url": "https://rickandmortyapi.com/api/location/1"
        },
        "image": "https://rickandmortyapi.com/api/character/avatar/92.jpeg",
        "episode": [
            "https://rickandmortyapi.com/api/episode/1",
            "https://rickandmortyapi.com/api/episode/6"
        ],
        "url": "https://rickandmortyapi.com/api/character/92",
        "created": "2017-12-01T11:20:51.247Z"
    },
    {
        "id": 93,
        "name": "Diablo Verde",
        "status": "Dead",
        "species": "Mythological Creature",
        "type": "Demon",
        "gender": "Male",
        "origin": {
            "name": "unknown",
            "url": ""
        },
        "location": {
            "name": "Dorian 5",
            "url": "https://rickandmortyapi.com/api/location/29"
        },
        "image": "https://rickandmortyapi.com/api/character/avatar/93.jpeg",
        "episode": [
            "https://rickandmortyapi.com/api/episode/25"
        ],
        "url": "https://rickandmortyapi.com/api/character/93",
        "created": "2017-12-01T11:36:16.467Z"
    },
    {
        "id": 94,
        "name": "Diane Sanchez",
        "status": "unknown",
        "species": "Human",
        "type": "",
        "gender": "Female",
        "origin": {
            "name": "Earth (Unknown dimension)",
            "url": "https://rickandmortyapi.com/api/location/30"
        },
        "location": {
            "name": "Earth (Unknown dimension)",
            "url": "https://rickandmortyapi.com/api/location/30"
        },
        "image": "https://rickandmortyapi.com/api/character/avatar/94.jpeg",
        "episode": [
            "https://rickandmortyapi.com/api/episode/22"
        ],
        "url": "https://rickandmortyapi.com/api/character/94",
        "created": "2017-12-01T11:49:43.929Z"
    },
    {
        "id": 95,
        "name": "Dipper and Mabel Mortys",
        "status": "unknown",
        "species": "Human",
        "type": "",
        "gender": "unknown",
        "origin": {
            "name": "unknown",
            "url": ""
        },
        "location": {
            "name": "Citadel of Ricks",
            "url": "https://rickandmortyapi.com/api/location/3"
        },
        "image": "https://rickandmortyapi.com/api/character/avatar/95.jpeg",
        "episode": [
            "https://rickandmortyapi.com/api/episode/22"
        ],
        "url": "https://rickandmortyapi.com/api/character/95",
        "created": "2017-12-01T11:54:36.670Z"
    },
    {
        "id": 96,
        "name": "Tuberculosis",
        "status": "Dead",
        "species": "Disease",
        "type": "",
        "gender": "unknown",
        "origin": {
            "name": "Anatomy Park",
            "url": "https://rickandmortyapi.com/api/location/5"
        },
        "location": {
            "name": "Anatomy Park",
            "url": "https://rickandmortyapi.com/api/location/5"
        },
        "image": "https://rickandmortyapi.com/api/character/avatar/96.jpeg",
        "episode": [
            "https://rickandmortyapi.com/api/episode/3"
        ],
        "url": "https://rickandmortyapi.com/api/character/96",
        "created": "2017-12-01T11:59:04.796Z"
    },
    {
        "id": 97,
        "name": "Gonorrhea",
        "status": "Dead",
        "species": "Disease",
        "type": "",
        "gender": "unknown",
        "origin": {
            "name": "Anatomy Park",
            "url": "https://rickandmortyapi.com/api/location/5"
        },
        "location": {
            "name": "Anatomy Park",
            "url": "https://rickandmortyapi.com/api/location/5"
        },
        "image": "https://rickandmortyapi.com/api/character/avatar/97.jpeg",
        "episode": [
            "https://rickandmortyapi.com/api/episode/3"
        ],
        "url": "https://rickandmortyapi.com/api/character/97",
        "created": "2017-12-01T12:00:27.028Z"
    },
    {
        "id": 98,
        "name": "Hepatitis A",
        "status": "Dead",
        "species": "Disease",
        "type": "",
        "gender": "unknown",
        "origin": {
            "name": "Anatomy Park",
            "url": "https://rickandmortyapi.com/api/location/5"
        },
        "location": {
            "name": "Anatomy Park",
            "url": "https://rickandmortyapi.com/api/location/5"
        },
        "image": "https://rickandmortyapi.com/api/character/avatar/98.jpeg",
        "episode": [
            "https://rickandmortyapi.com/api/episode/3"
        ],
        "url": "https://rickandmortyapi.com/api/character/98",
        "created": "2017-12-01T12:01:43.742Z"
    },
    {
        "id": 99,
        "name": "Hepatitis C",
        "status": "Dead",
        "species": "Disease",
        "type": "",
        "gender": "unknown",
        "origin": {
            "name": "Anatomy Park",
            "url": "https://rickandmortyapi.com/api/location/5"
        },
        "location": {
            "name": "Anatomy Park",
            "url": "https://rickandmortyapi.com/api/location/5"
        },
        "image": "https://rickandmortyapi.com/api/character/avatar/99.jpeg",
        "episode": [
            "https://rickandmortyapi.com/api/episode/3"
        ],
        "url": "https://rickandmortyapi.com/api/character/99",
        "created": "2017-12-01T12:02:00.935Z"
    },
    {
        "id": 100,
        "name": "Bubonic Plague",
        "status": "Dead",
        "species": "Disease",
        "type": "",
        "gender": "unknown",
        "origin": {
            "name": "Anatomy Park",
            "url": "https://rickandmortyapi.com/api/location/5"
        },
        "location": {
            "name": "Anatomy Park",
            "url": "https://rickandmortyapi.com/api/location/5"
        },
        "image": "https://rickandmortyapi.com/api/character/avatar/100.jpeg",
        "episode": [
            "https://rickandmortyapi.com/api/episode/3"
        ],
        "url": "https://rickandmortyapi.com/api/character/100",
        "created": "2017-12-01T12:02:21.611Z"
    }
]